{
  "entropy_original": [
    1.0,
    1.0,
    1.0
  ],
  "entropy_processed": [
    7.999326938324273,
    7.999226764440119,
    7.99935744718302
  ],
  "correlation_original": {
    "R": {
      "H": 0.9412915851272017,
      "V": 0.9412915851272017,
      "D": 0.8860298482296224
    },
    "G": {
      "H": 0.9412915851272013,
      "V": 0.9412915851272013,
      "D": 0.8860298482296157
    },
    "B": {
      "H": 0.9412915851272017,
      "V": 0.9412915851272017,
      "D": 0.8860298482296044
    }
  },
  "correlation_processed": {
    "R": {
      "H": -0.00010321939766478791,
      "V": -0.0011901893835443978,
      "D": 0.0005261575566409386
    },
    "G": {
      "H": -0.0018467017099913622,
      "V": -0.00019716235516355213,
      "D": -0.00030054516416519797
    },
    "B": {
      "H": 0.0020550987682397483,
      "V": 0.0033694070794699086,
      "D": -0.00041524553242783225
    }
  },
  "npcr_original_encrypted": [
    99.61662292480469,
    99.62310791015625,
    99.61929321289062
  ],
  "uaci_original_encrypted": [
    41.049610212743595,
    32.68500832951563,
    33.81213917452497
  ]
}