{
  "entropy_original": [
    1.0,
    1.0,
    1.0
  ],
  "entropy_processed": [
    7.999273316068359,
    7.999215058857312,
    7.999309387300241
  ],
  "correlation_original": {
    "R": {
      "H": 0.9412915851272016,
      "V": 0.9412915851272016,
      "D": 0.8860298482312614
    },
    "G": {
      "H": 0.9412915851272016,
      "V": 0.9412915851272016,
      "D": 0.8860298482286109
    },
    "B": {
      "H": 0.9412915851272016,
      "V": 0.9412915851272016,
      "D": 0.886029848228868
    }
  },
  "correlation_processed": {
    "R": {
      "H": -0.0015668886687859494,
      "V": 0.00316118755023967,
      "D": 0.0015381101960194484
    },
    "G": {
      "H": 0.0007695501358700355,
      "V": 0.0016057603845002575,
      "D": 0.001135255327294602
    },
    "B": {
      "H": -0.003589782317025737,
      "V": 0.0013762715997342665,
      "D": 0.0017985544578507683
    }
  },
  "npcr_original_encrypted": [
    99.61395263671875,
    99.60861206054688,
    99.62043762207031
  ],
  "uaci_original_encrypted": [
    41.05364332012102,
    32.67377068014706,
    33.72544681324678
  ]
}