{
  "npcr_between_ciphers": [
    99.63226318359375,
    99.62234497070312,
    99.60289001464844
  ],
  "uaci_between_ciphers": [
    33.499345966413905,
    33.43529645134421,
    33.450559728285846
  ],
  "bit_change_percent": 50.007359186808266
}