{
  "npcr_between_ciphers": [
    99.63226318359375,
    99.61509704589844,
    99.60212707519531
  ],
  "uaci_between_ciphers": [
    33.511428833018385,
    33.45416499120187,
    33.43125586417223
  ],
  "bit_change_percent": 50.0154177347819
}