{
  "npcr_between_ciphers": [
    99.59602355957031,
    99.62844848632812,
    99.627685546875
  ],
  "uaci_between_ciphers": [
    33.40777079265534,
    33.38995092056415,
    33.45613965802201
  ],
  "bit_change_percent": 50.00308354695638
}