{
  "entropy_original": [
    7.998525610347337,
    7.998525610347337,
    7.718236802378185
  ],
  "entropy_processed": [
    7.999242761709805,
    7.999419926956818,
    7.999367653491737
  ],
  "correlation_original": {
    "R": {
      "H": 0.9999770224065656,
      "V": 1.0,
      "D": 0.9999770224065656
    },
    "G": {
      "H": 1.0,
      "V": 0.999977022407223,
      "D": 0.9999770224072212
    },
    "B": {
      "H": 0.9999655120712128,
      "V": 0.9999655120712087,
      "D": 0.9999538653121134
    }
  },
  "correlation_processed": {
    "R": {
      "H": 0.0009944498746294948,
      "V": -0.0015333698583890906,
      "D": -0.0012406555327315438
    },
    "G": {
      "H": -0.002328752148072392,
      "V": 0.00019087734549835873,
      "D": -0.0026254613700607086
    },
    "B": {
      "H": 0.0007639584168947269,
      "V": 2.17867550408846e-05,
      "D": -0.003004018639617112
    }
  },
  "npcr_original_encrypted": [
    99.60861206054688,
    99.61509704589844,
    99.59602355957031
  ],
  "uaci_original_encrypted": [
    33.45650916006051,
    33.507787667068776,
    29.287588082107842
  ]
}