{
  "entropy_original": [
    7.998525610347337,
    7.998525610347337,
    7.7182368023781835
  ],
  "entropy_processed": [
    7.999397288586367,
    7.999174018266138,
    7.999255397368097
  ],
  "correlation_original": {
    "R": {
      "H": 0.9999770224067293,
      "V": 0.9999999999999998,
      "D": 0.9999770224067293
    },
    "G": {
      "H": 0.9999999999999998,
      "V": 0.9999770224067093,
      "D": 0.9999770224067104
    },
    "B": {
      "H": 0.999965512071367,
      "V": 0.9999655120713653,
      "D": 0.9999538653119792
    }
  },
  "correlation_processed": {
    "R": {
      "H": -0.004162484547565717,
      "V": -0.0023730619973119068,
      "D": -0.0028686838450875185
    },
    "G": {
      "H": 0.004046837551032402,
      "V": -0.0003813548718760311,
      "D": 0.0010211491863315225
    },
    "B": {
      "H": -0.004044705082821984,
      "V": -0.002101096303778275,
      "D": 0.004824251156358568
    }
  },
  "npcr_original_encrypted": [
    99.59793090820312,
    99.62959289550781,
    99.61814880371094
  ],
  "uaci_original_encrypted": [
    33.53702320773048,
    33.45172807283318,
    29.23325482538225
  ]
}