{
  "npcr_between_ciphers": [
    99.609375,
    99.60746765136719,
    99.60784912109375
  ],
  "uaci_between_ciphers": [
    33.38015836827895,
    33.47468955844056,
    33.458842857211245
  ],
  "bit_change_percent": 49.98653729756673
}