{
  "entropy_original": [
    4.805984077833154,
    4.805984077833154,
    4.805984077833154
  ],
  "entropy_processed": [
    7.999345006990562,
    7.999257378447065,
    7.999291005362062
  ],
  "correlation_original": {
    "R": {
      "H": 0.957895085449351,
      "V": 0.9581691378988321,
      "D": 0.9198392977174841
    },
    "G": {
      "H": 0.9541387585680343,
      "V": 0.958169137898832,
      "D": 0.9161736808615604
    },
    "B": {
      "H": 0.9578950854493484,
      "V": 0.9538732961192176,
      "D": 0.9157818125299717
    }
  },
  "correlation_processed": {
    "R": {
      "H": 0.0013521296000076977,
      "V": -0.0006307423752260007,
      "D": -0.003364241067152037
    },
    "G": {
      "H": -0.0022404948237645115,
      "V": -0.0008682096883056488,
      "D": 0.0006477163442268033
    },
    "B": {
      "H": -0.002646405045526646,
      "V": -0.0003872013463323492,
      "D": -0.0004607646440163145
    }
  },
  "npcr_original_encrypted": [
    99.61700439453125,
    99.61090087890625,
    99.61700439453125
  ],
  "uaci_original_encrypted": [
    25.173526838714,
    25.173052619485293,
    25.120966294232538
  ]
}