{
  "npcr_between_ciphers": [
    99.60441589355469,
    99.62005615234375,
    99.59907531738281
  ],
  "uaci_between_ciphers": [
    33.431200513652726,
    33.50037219477635,
    33.44183379528569
  ],
  "bit_change_percent": 50.02053578694662
}