{
  "npcr_between_ciphers": [
    99.61128234863281,
    99.61662292480469,
    99.60594177246094
  ],
  "uaci_between_ciphers": [
    33.50423027487362,
    33.519358915441174,
    33.46590378705193
  ],
  "bit_change_percent": 50.03016789754232
}