{
  "entropy_original": [
    4.805984077833154,
    4.805984077833154,
    4.805984077833154
  ],
  "entropy_processed": [
    7.9993175240572105,
    7.999307219790855,
    7.999318216119532
  ],
  "correlation_original": {
    "R": {
      "H": 0.957895085449351,
      "V": 0.9581691378988321,
      "D": 0.9198392977174841
    },
    "G": {
      "H": 0.9541387585680343,
      "V": 0.958169137898832,
      "D": 0.9161736808615604
    },
    "B": {
      "H": 0.9578950854493484,
      "V": 0.9538732961192176,
      "D": 0.9157818125299717
    }
  },
  "correlation_processed": {
    "R": {
      "H": -0.0013357183810336233,
      "V": -0.002111211452598711,
      "D": -0.0001686535355855628
    },
    "G": {
      "H": -0.0008597047457252433,
      "V": -0.0023402042219746568,
      "D": 0.0022821690712358524
    },
    "B": {
      "H": -0.0009304480613911217,
      "V": -7.946503473539207e-05,
      "D": 0.0015590797607273402
    }
  },
  "npcr_original_encrypted": [
    99.61090087890625,
    99.64408874511719,
    99.6124267578125
  ],
  "uaci_original_encrypted": [
    25.180158428117338,
    25.19586301317402,
    25.14906789742264
  ]
}