{
  "npcr_between_ciphers": [
    99.59869384765625,
    99.60975646972656,
    99.60746765136719
  ],
  "uaci_between_ciphers": [
    33.41685276405484,
    33.39868433335248,
    33.43869227989047
  ],
  "bit_change_percent": 49.978653589884445
}