{
  "entropy_original": [
    7.082792273669348,
    6.97849677187285,
    6.569994613649971
  ],
  "entropy_processed": [
    7.999397424621058,
    7.9993771870855905,
    7.999250194323595
  ],
  "correlation_original": {
    "R": {
      "H": 0.9112573938157471,
      "V": 0.8958971287887539,
      "D": 0.8528634546042922
    },
    "G": {
      "H": 0.8999569743819921,
      "V": 0.8830309125092565,
      "D": 0.834578528291835
    },
    "B": {
      "H": 0.8622785106480002,
      "V": 0.8408306677568419,
      "D": 0.7766999169589811
    }
  },
  "correlation_processed": {
    "R": {
      "H": -0.00047986480052010977,
      "V": -0.0010051018410070461,
      "D": -0.0006906789328531725
    },
    "G": {
      "H": 0.00020451036474436357,
      "V": 0.001622153333706414,
      "D": 0.00032262263938482964
    },
    "B": {
      "H": -0.0010688405891284588,
      "V": 0.0007905764924312812,
      "D": -0.00045954500448695145
    }
  },
  "npcr_original_encrypted": [
    99.61929321289062,
    99.59449768066406,
    99.60975646972656
  ],
  "uaci_original_encrypted": [
    37.68705779430913,
    38.236971088484225,
    40.44430601830576
  ]
}