{
  "npcr_between_ciphers": [
    99.62272644042969,
    99.58419799804688,
    99.62234497070312
  ],
  "uaci_between_ciphers": [
    33.45606785194546,
    33.509754854090076,
    33.47395205030254
  ],
  "bit_change_percent": 50.006564458211265
}