{
  "entropy_original": [
    7.082792273669348,
    6.97849677187285,
    6.569994613649971
  ],
  "entropy_processed": [
    7.999422252588799,
    7.999304957225877,
    7.999307253508798
  ],
  "correlation_original": {
    "R": {
      "H": 0.9112573938157471,
      "V": 0.8958971287887539,
      "D": 0.8528634546042922
    },
    "G": {
      "H": 0.8999569743819921,
      "V": 0.8830309125092565,
      "D": 0.834578528291835
    },
    "B": {
      "H": 0.8622785106480002,
      "V": 0.8408306677568419,
      "D": 0.7766999169589811
    }
  },
  "correlation_processed": {
    "R": {
      "H": 0.001015210375665644,
      "V": 0.0028158693069550984,
      "D": 0.0041907175954415616
    },
    "G": {
      "H": 0.0035594734914223113,
      "V": 0.0011756061351375301,
      "D": -0.0008619681572098456
    },
    "B": {
      "H": 0.002797682011274617,
      "V": 0.002650357017378836,
      "D": 0.003625589373544694
    }
  },
  "npcr_original_encrypted": [
    99.59182739257812,
    99.61204528808594,
    99.609375
  ],
  "uaci_original_encrypted": [
    37.573270610734525,
    38.294972438438265,
    40.4448340920841
  ]
}